,avgtimeall,avgtimealllure,avgtimeallreal,avgtimeneglure,avgtimenegreal,avgtimeneulure,avgtimeneureal,avgtimeposlure,avgtimeposreal,condition,subjid,totalneglure,totalnegreal,totalneulure,totalneureal,totalposlure,totalposreal
0,14.553444444444445,6.0695,21.3406,5.219,22.30933333333333,6.353,na,na,19.8875,M11,cs43,3,3,0,0,1,2
1,33.0515,37.86,31.448666666666668,na,50.786,37.86,na,na,21.78,M41,cs38,1,1,0,0,0,2
2,26.939083333333333,11.007,34.905125,9.46,56.2,11.522666666666666,2.698,na,32.8286,M11,cs73,3,2,0,1,1,5
3,9.472,na,9.472,na,9.472,na,na,na,na,M21,cs06,0,1,0,0,0,0
4,8.664166666666667,4.747,12.581333333333333,5.2765,15.226,3.688,na,na,7.292,M41,cs113,1,2,0,0,2,1
5,5.861,na,5.861,na,na,na,na,na,5.861,M31,subj04,0,0,0,0,0,1
6,66.23825,56.595,69.45266666666667,na,na,56.595,na,na,69.45266666666667,M11,stefano1,1,0,0,0,0,3
7,32.44166666666667,7.8,44.7625,na,na,7.8,na,na,44.7625,L41,cs78,1,0,0,0,0,2
8,30.487599999999997,na,30.487599999999997,na,30.825333333333333,na,na,na,29.981,L11,CS104,0,3,0,0,0,2
9,40.076125,31.92725,48.225,27.2035,54.410333333333334,36.651,na,na,29.669,M21,cs66,2,3,0,0,2,1
10,7.8145,5.942,8.438666666666666,na,8.635,5.942,na,na,8.3405,L32,CS123,1,1,0,0,0,2
11,23.255333333333333,na,23.255333333333333,na,na,na,na,na,23.255333333333333,M31,CS77,0,0,0,0,0,3
12,8.02876923076923,4.473285714285715,12.176833333333335,3.6565,11.995666666666667,4.8,na,na,12.358,L11,cs118,5,3,0,0,2,3
13,20.401799999999998,8.1825,28.548,na,41.187,8.1825,na,na,22.2285,L32,CS114,2,1,0,0,0,2
14,6.625285714285715,5.177,7.7115,na,5.9835,4.138,na,7.255,9.4395,L31,cs35,2,2,1,0,0,2
15,9.176,6.617,9.6878,na,9.061333333333334,6.617,na,na,10.6275,L32,cs59,1,3,0,0,0,2
16,12.26,2.2425,15.599166666666665,2.0,17.192,2.485,na,na,12.4135,M42,CS101,1,4,0,0,1,2
17,18.607142857142858,11.566625,27.9945,18.615,36.96125,3.3333333333333335,12.014,8.073,8.108,L41,cs25,3,4,1,1,4,1
18,23.993599999999997,12.982,26.7465,12.982,31.6655,na,na,na,21.8275,L11,cs73,0,2,0,0,1,2
19,38.876,41.74633333333333,34.5705,na,na,41.74633333333333,na,na,34.5705,L21,cs66,3,0,0,0,0,2
20,25.2365,na,25.2365,na,40.024,na,na,na,10.449,L22,cs05,0,1,0,0,0,1
21,17.0416,8.94825,22.437166666666666,4.2405,22.44,13.656,na,na,22.43575,M32,cs36,2,2,0,0,2,4
22,23.42233333333333,6.5505,31.85825,8.353,43.031,4.748,na,na,20.6855,M21,CS109,1,2,0,0,1,2
23,42.926,5.299,52.33275,na,52.078,na,na,5.299,52.5875,L32,cs139,0,2,1,0,0,2
24,2.3466666666666667,2.1625,2.715,na,na,2.1625,na,na,2.715,L41,test01,2,0,0,0,0,1
25,3.9098333333333333,1.9693333333333332,5.850333333333333,0.974,6.981,2.467,na,na,3.589,M42,test-vinnie,2,2,0,0,1,1
26,20.65375,18.595,22.7125,na,31.399,18.595,na,na,14.026,L11,cs51,2,1,0,0,0,1
27,18.45485714285714,8.3695,22.489,na,24.223,8.3695,14.6375,na,29.4735,L11,cs63,2,1,0,2,0,2
28,7.913222222222223,6.8784,9.20675,7.849,12.7775,6.231333333333333,na,na,5.636,L42,cs126,3,2,0,0,2,2
29,5.4375,5.942,4.933,na,na,5.942,na,na,4.933,M31,test01,1,0,0,0,0,1
30,20.683,20.899,20.251,30.802,20.251,16.664,na,5.328,na,M21,cs16,1,2,1,0,2,0
31,8.191933333333333,2.8328333333333333,11.764666666666667,1.8276666666666668,9.1038,5.2605,na,0.993,15.09075,L32,cs18,2,5,1,0,3,4
32,14.624,8.683,18.337125,5.371666666666667,21.316666666666666,22.394,5.389,4.906,19.3395,M32,cs18,1,3,1,1,3,4
33,9.438571428571429,6.4765,10.6234,na,na,6.4765,4.305,na,12.203,L21,CS103,2,0,0,1,0,4
34,12.958666666666666,12.958666666666666,na,5.896,na,27.084,na,na,na,L12,cs134,1,0,0,0,2,0
35,11.094125,7.1803333333333335,13.4424,7.2615,16.048,7.018,na,na,11.705333333333334,L32,cs89,1,2,0,0,2,3
36,9.1846,3.977,16.996,3.781,16.996,4.075,na,na,na,L41,test-vinnie,2,2,0,0,1,0
37,8.945846153846155,6.333333333333333,11.185142857142857,8.194,21.266333333333332,5.8295,2.772,1.759,3.9083333333333337,M41,cs10,2,3,1,1,3,3
38,11.7811,11.383,12.37825,15.807,15.192,9.171,2.117,na,16.102,L21,cs05,4,1,0,1,2,2
39,25.755428571428574,30.852,21.933,17.041,23.20266666666667,37.7575,na,na,18.124,L42,CS102,2,3,0,0,1,1
40,6.244,na,6.244,na,6.244,na,na,na,na,L11,cs30,0,1,0,0,0,0
41,8.336200000000002,8.353,8.311,na,8.743,8.353,7.879,na,na,M41,cs40,3,1,0,1,0,0
42,2.4125,2.731,2.094,2.731,na,na,2.094,na,na,M41,subj01,0,0,0,1,1,0
43,17.09583333333333,5.007,19.5136,na,30.586,5.007,8.071,na,19.637,L32,cs47,1,1,0,1,0,3
44,24.313066666666664,23.987,24.530444444444445,33.206,25.8112,2.254,28.848,8.844,17.011,M11,cs02,1,5,1,2,4,2
45,10.539,3.6935,15.102666666666666,3.6935,14.521,na,na,na,16.266,M42,cs21,0,2,0,0,2,1
46,7.921,9.667333333333334,6.174666666666667,19.03,7.4745,4.986,na,na,3.575,M32,cs59,2,2,0,0,1,1
47,31.87275,31.2025,32.543,na,32.543,31.2025,na,na,na,M32,cs82,2,2,0,0,0,0
48,10.262142857142857,5.56,13.78875,na,14.263,4.47,na,7.74,13.3145,M11,cs63,2,2,1,0,0,2
49,14.29275,13.096666666666666,17.881,19.234,na,10.028,na,na,17.881,L42,cs96,2,0,0,0,1,1
50,11.075375,10.470666666666666,12.8895,10.633,18.345,10.146,na,na,7.434,L42,CS95,2,1,0,0,4,1
51,17.047,10.191666666666666,21.1602,14.266,23.6255,2.043,na,na,19.51666666666667,M12,cs23,1,2,0,0,2,3
52,9.73742857142857,3.1936666666666667,14.64525,4.253,16.107,2.664,na,na,13.1835,M22,cs87,2,2,0,0,1,2
53,28.068,28.068,na,na,na,28.068,na,na,na,M42,CS102,1,0,0,0,0,0
54,5.626,na,5.626,na,2.945,na,na,na,8.307,L21,cs45,0,1,0,0,0,1
55,20.175625,10.287666666666667,26.108400000000003,12.5975,33.519,5.668,13.926,na,24.789,L22,CS94,1,2,0,1,2,2
56,25.93672727272727,29.264666666666667,21.9432,40.186,25.87075,30.206,6.233,14.578,na,M41,CS119,4,4,1,1,1,0
57,4.5207,4.267666666666667,4.90025,2.379,4.959,5.212,na,na,4.880666666666667,L41,cs10,4,1,0,0,2,3
58,44.58508333333334,4.094333333333333,58.082,4.317,65.888,3.983,na,na,51.837199999999996,M21,cs79,2,4,0,0,1,5
59,7.6593,7.314,7.807285714285714,9.039,7.7746,6.4515,na,na,7.889,M22,CS106,2,5,0,0,1,2
60,8.78875,5.9065,11.671,6.706,12.846,5.107,na,na,10.496,M22,cs31,1,1,0,0,1,1
61,11.704875,13.237333333333334,10.7854,9.638,12.543,15.037,4.662,na,12.0895,L12,CS135,2,2,0,1,1,2
62,16.22425,6.9345,20.869125,6.702,19.049666666666667,7.167,5.343,na,26.11525,M21,cs65,2,3,0,1,2,4
63,15.004166666666666,2.61,17.483,2.61,20.133333333333333,na,na,na,13.5075,M41,cs112,0,3,0,0,1,2
64,4.23975,10.854,2.035,10.854,2.082,na,2.1,na,1.923,M11,TESTSAM,0,1,0,1,1,1
65,22.25733333333333,21.564,23.644,na,23.644,21.564,na,na,na,L32,cs82,2,1,0,0,0,0
66,34.39925,30.1995,38.599,30.1995,38.721,na,na,na,38.477,M31,CS114,0,1,0,0,2,1
67,33.70171428571428,18.224,45.31,18.224,46.49,na,na,na,44.916666666666664,L12,CS136,0,1,0,0,3,3
68,10.250125,9.774,10.620444444444445,11.6145,13.894,13.652,2.9633333333333334,2.1165,15.559,M11,test,3,4,2,3,2,2
69,22.473,23.387,21.559,15.104,27.566,27.5285,9.545,na,na,L12,cs51,2,2,0,1,1,0
70,47.2541,8.1035,57.04175,7.807,67.26725,8.4,na,na,46.81625,L22,cs79,1,4,0,0,1,4
71,37.20582352941176,28.07257894736842,48.7746,27.98711111111111,66.9057142857143,21.490571428571428,21.52525,43.687,44.2945,M21,cs108,7,7,3,4,9,4
72,5.242,5.242,na,na,na,5.242,na,na,na,L22,TEST999,1,0,0,0,0,0
73,10.8276,8.113,14.8995,11.122,20.833,2.095,na,na,8.966,M31,cs125,1,1,0,0,2,1
74,86.791,na,86.791,na,86.791,na,na,na,na,L41,cs124,0,1,0,0,0,0
75,15.065222222222223,8.635,18.28033333333333,8.635,24.384,na,na,na,6.073,M31,cs32,0,4,0,0,3,2
76,24.84766666666667,17.9575,31.73783333333333,12.054,37.647,20.90925,5.194,na,36.146,L21,CS106,4,3,0,1,2,2
77,16.62016666666667,6.569,18.6304,na,20.834333333333333,na,na,6.569,15.3245,L11,cs23,0,3,1,0,0,2
78,36.65507692307692,43.3128,32.494,52.123,35.85225,41.11025,na,na,29.13575,M31,CS98,4,4,0,0,1,4
79,12.986222222222223,10.355,16.27525,14.319666666666667,13.3125,4.122,na,4.694,19.238,M41,cs116,1,2,1,0,3,2
80,30.554846153846153,22.53542857142857,39.910833333333336,23.511333333333333,55.3785,21.8035,na,na,8.9755,L32,CS98,4,4,0,0,3,2
81,12.965076923076923,9.271285714285714,17.2745,3.8305,14.82225,16.52566666666667,na,na,22.179,M11,cs13,3,4,0,0,4,2
82,10.660846153846155,5.700333333333333,14.912714285714285,6.356333333333333,18.19475,5.044333333333333,na,na,10.536666666666665,M32,cs33,3,4,0,0,3,3
83,13.739,10.47257142857143,18.312,22.049,37.428,5.842,3.309,na,6.6975,M31,cs58,5,2,0,1,2,2
84,4.055666666666666,1.9435,5.11175,na,na,1.878,4.4315,2.009,5.792,M42,cs72,1,0,1,2,0,2
85,25.74125,31.763,19.7195,na,19.7195,31.763,na,na,na,L12,cs131,2,2,0,0,0,0
86,25.424285714285713,9.517,31.787200000000002,8.617,33.39075,10.417,na,na,25.373,L22,cs69,1,4,0,0,1,1
87,12.558666666666666,12.933,12.2592,na,10.9355,12.933,4.831,na,17.297,L41,cs42,4,2,0,1,0,2
88,0.678,na,0.678,na,0.678,na,na,na,na,M32,test,0,1,0,0,0,0
89,1.362,na,1.362,na,na,na,na,na,1.362,L32,test,0,0,0,0,0,1
90,18.092066666666664,14.6646,19.805799999999998,16.576,18.78,7.019,na,na,21.3445,L32,CS97,1,6,0,0,4,4
91,29.080375,4.5995,37.24066666666666,4.5995,34.763666666666666,na,na,na,39.717666666666666,M41,cs80,0,3,0,0,2,3
92,8.0624,8.0624,na,7.942,na,8.0925,na,na,na,L31,cs58,4,0,0,0,1,0
93,8.3642,11.705,6.137,na,7.778,11.705,na,na,5.3165,L31,cs07,2,1,0,0,0,2
94,3.9553333333333334,na,3.9553333333333334,na,4.7255,na,na,na,2.415,M42,cs128,0,2,0,0,0,1
95,48.077,48.077,na,na,na,48.077,na,na,na,M41,cs11,1,0,0,0,0,0
96,35.810300000000005,39.791666666666664,34.104,na,28.12275,na,16.022,39.791666666666664,55.1075,L31,CS90,0,4,3,1,0,2
97,4.636857142857143,2.571,4.981166666666667,2.571,9.2355,na,3.267,na,2.7163333333333335,M42,cs22,0,2,0,1,1,3
98,14.972666666666665,16.108,13.837333333333333,21.00175,10.041666666666666,5.076,na,7.565,17.633,L31,cs33,1,3,1,0,4,3
99,9.84,6.828,11.346,na,na,6.828,na,na,11.346,M32,CS77,1,0,0,0,0,2
100,7.45375,4.948,8.289,na,na,4.948,1.008,na,11.9295,M11,test01,1,0,0,1,0,2
101,7.5592,4.268333333333333,12.4955,5.3125,8.227,2.18,na,na,16.764,L42,cs37,1,1,0,0,2,1
102,32.22966666666667,32.821,31.934,na,31.934,32.821,na,na,na,M12,CS01,1,2,0,0,0,0
103,13.4856,16.1705,11.695666666666666,na,1.77,16.1705,na,na,16.6585,L42,cs78,2,1,0,0,0,2
104,6.915833333333333,5.356,7.69575,na,8.7705,5.356,na,na,6.621,L32,CS122,2,2,0,0,0,2
105,32.87375,25.72,35.25833333333333,na,45.631,25.72,na,na,30.072,M42,cs25,1,1,0,0,0,2
106,6.2664,3.5886666666666667,10.283,4.236,13.539,3.265,na,na,7.027,M32,cs111,2,1,0,0,1,1
107,14.830941176470587,7.231222222222223,23.380625,6.2988,24.62325,8.39675,na,na,22.138,L41,cs24,4,4,0,0,5,4
108,12.18075,2.254,22.1075,3.056,22.1075,1.452,na,na,na,M41,cs42,1,2,0,0,1,0
109,19.398555555555554,4.037,21.31875,4.037,24.91175,na,na,na,17.72575,M31,cs33,0,4,0,0,1,4
110,17.61675,20.898333333333333,15.6478,30.06,19.175666666666668,2.575,7.851,na,12.861,L11,CS100,1,3,0,1,2,1
111,16.6303125,12.78925,17.910666666666668,11.936,21.607,na,4.5645,13.073666666666666,19.552799999999998,M31,CS97,0,5,3,2,1,5
112,29.220071428571426,11.324833333333334,42.6415,9.038333333333334,48.23375,13.611333333333334,5.517,na,68.5815,M22,CS121,3,4,0,2,3,2
113,5.093923076923077,3.335857142857143,7.145,2.073,9.5325,3.9495999999999998,na,1.53,2.37,M42,cs10,5,4,1,0,1,2
114,12.236,9.068666666666665,14.1364,8.292,15.7938,11.4865,12.351,7.715666666666667,12.511,L31,cs20,2,5,3,1,1,4
115,15.93575,12.19225,19.67925,7.0145,16.949,17.37,na,na,22.4095,L42,cs25,2,2,0,0,2,2
116,16.73781818181818,11.68975,19.62242857142857,8.329,15.982,15.0505,4.885,na,28.17533333333333,L42,cs129,2,3,0,1,2,3
117,11.055526315789473,6.5637,16.046444444444447,3.7896666666666663,20.051,7.998,12.9395,6.28,12.778333333333334,M31,cs18,6,4,1,2,3,3
118,15.020142857142856,5.061,19.0038,na,33.392,5.061,na,na,9.411666666666665,L12,cs03,2,2,0,0,0,3
119,18.943,15.3866,23.3885,17.810666666666666,28.2545,11.7505,na,na,18.5225,L42,CS119,2,2,0,0,3,2
120,6.3755,6.3755,na,na,na,6.3755,na,na,na,M21,teststefano,2,0,0,0,0,0
121,13.057583333333334,15.42725,8.31825,29.414,17.236,23.735,3.498,5.69975,9.041,L41,cs38,3,1,4,2,1,1
122,16.57221052631579,11.34575,20.373272727272727,12.5145,40.732,9.921666666666667,19.28025,10.943,6.19725,M11,CS99,3,3,1,4,4,4
123,2.908,1.7545,4.0615,1.546,5.645,1.963,na,na,2.478,M41,TEST999,1,1,0,0,1,1
124,14.05625,20.763,7.3495,na,10.895,20.763,na,na,3.804,M32,cs19,2,1,0,0,0,1
125,13.755411764705883,13.176875,14.269666666666666,7.42875,14.394,31.2435,5.087,6.6065,23.1415,M11,cs26,2,5,2,2,4,2
126,8.086882352941176,5.956888888888889,10.483125,9.15225,14.519666666666666,3.4006,1.009,na,9.82425,M22,cs46,5,3,0,1,4,4
127,3.2656666666666667,3.4525,2.892,3.881,na,3.024,2.892,na,na,L41,cs128,1,0,0,1,1,0
128,10.030818181818182,5.328,13.949833333333334,6.439666666666667,12.986,3.6605,na,na,14.43175,M32,cs89,2,2,0,0,3,4
129,6.11575,3.782,8.4495,4.913,10.345,3.405,na,na,2.763,L32,cs83,3,3,0,0,1,1
130,6.908600000000001,4.207,8.709666666666665,na,5.254,4.207,na,na,15.621,L32,cs67,2,2,0,0,0,1
131,24.020636363636363,8.570200000000002,36.896,8.596333333333334,45.39366666666666,8.531,na,na,28.398333333333333,L22,cs93,2,3,0,0,3,3
132,39.5265,31.263,47.79,40.74033333333334,62.295,21.785666666666668,35.53,na,32.1625,L41,cs86,3,3,0,1,3,2
133,13.661157894736842,8.745777777777777,18.085,4.74675,21.36775,16.088333333333335,13.898,5.73,16.296200000000002,M21,cs56,3,4,2,1,4,5
134,13.602538461538462,10.3824,15.615125,15.436,17.301,2.802,na,na,12.805333333333333,L11,cs52,2,5,0,0,3,3
135,14.683833333333334,10.038666666666666,19.329,na,24.951,10.038666666666666,na,na,8.085,L31,cs08,3,2,0,0,0,1
136,9.962333333333333,10.089,9.899,16.258,23.209,3.92,na,na,5.462333333333333,L32,cs48,1,1,0,0,1,3
137,54.119,na,54.119,na,54.119,na,na,na,na,M31,cs111,0,1,0,0,0,0
138,36.71233333333333,34.25066666666667,37.94316666666666,na,46.566,52.368,24.32875,25.192,83.778,L21,CS70,1,1,2,4,0,1
139,8.578222222222223,6.826,9.454333333333334,10.365,11.4445,5.0565,7.507,na,8.776666666666666,L31,CS75,2,2,0,1,1,3
140,13.762857142857143,11.33425,17.001,11.148,18.5435,11.893,na,na,13.916,L42,cs116,1,2,0,0,3,1
141,20.019,23.979,16.059,23.979,na,na,na,na,16.059,M12,cs134,0,0,0,0,1,1
142,42.12853333333333,29.6752,67.0352,27.81625,67.44066666666667,30.9145,na,na,66.427,M21,cs93,6,3,0,0,4,2
143,25.051529411764708,16.90588888888889,34.215375,23.64475,31.3498,12.71675,na,6.707,38.99133333333334,M22,cs93,4,5,1,0,4,3
144,11.64757142857143,13.628666666666666,10.16175,5.148,6.0085,17.869,na,na,14.315,M11,cs92,2,2,0,0,1,2
145,22.584714285714288,11.055,27.1966,12.903,25.02133333333333,9.207,na,na,30.4595,L22,CS106,1,3,0,0,1,2
146,6.68788,6.710928571428571,6.658545454545455,11.649833333333333,16.162333333333333,3.65975,2.5301666666666667,2.35375,4.788,L11,TEST999,4,3,4,6,6,2
147,63.362,na,63.362,na,63.362,na,na,na,na,L22,cs16,0,1,0,0,0,0
148,7.005909090909091,2.3726666666666665,8.743375,2.039,12.189666666666666,2.5395,1.785,na,7.89825,M12,cs132,2,3,0,1,1,4
149,2.318,na,2.318,na,na,na,na,na,2.318,M11,test03,0,0,0,0,0,1
150,9.12409090909091,6.037166666666667,12.8284,7.6225,7.274,7.954,2.611,2.535,23.4915,L42,CS101,2,2,2,1,2,2
151,9.459333333333333,na,9.459333333333333,na,20.102,na,4.138,na,na,L21,cs55,0,1,0,2,0,0
152,11.60775,5.705875,23.4115,2.609,27.256,8.5865,na,3.474,22.13,L31,cs125,4,1,1,0,3,3
153,12.709428571428571,6.489333333333333,17.3745,7.242,8.892,4.78,na,7.446,25.857,L12,cs43,1,2,1,0,1,2
154,7.583,7.583,na,na,na,7.583,na,na,na,M41,stefano1,1,0,0,0,0,0
155,13.404666666666666,9.611666666666666,15.301166666666665,6.616,16.194333333333333,11.1095,na,na,14.408,L12,cs132,2,3,0,0,1,3
156,21.127352941176472,8.148857142857143,30.2123,8.29,30.473200000000002,8.0924,na,na,29.951400000000003,M22,cs108,5,5,0,0,2,5
157,28.80311111111111,29.509,28.238400000000002,na,32.89675,37.456,9.605,5.668,na,M42,cs126,3,4,1,1,0,0
158,27.53088888888889,9.0525,32.810428571428574,na,27.7005,6.251,na,11.854,39.623666666666665,M42,cs80,1,4,1,0,0,3
159,16.769555555555556,17.91925,15.8498,na,16.453,17.91925,na,na,15.699,M22,cs69,4,1,0,0,0,4
160,16.715714285714288,20.158,14.134,37.298,14.218,21.046,3.684,2.13,24.416,L11,cs134,1,2,1,1,1,1
161,26.342,35.07,17.614,na,na,35.07,na,na,17.614,M32,cs58,1,0,0,0,0,1
162,7.6985,7.510333333333333,7.886666666666667,8.634,6.373,5.263,na,na,10.914,L31,cs89,1,2,0,0,2,1
163,25.736,4.5895,36.30925,na,58.8695,4.5895,na,na,13.749,M12,CS136,2,2,0,0,0,2
164,28.6448,44.4035,18.139,na,20.9095,44.4035,na,na,12.598,L31,cs15,2,2,0,0,0,1
165,16.9782,15.35,18.063666666666666,6.38,20.087,24.32,na,na,14.017,M12,cs51,1,2,0,0,1,1
166,11.613833333333334,9.163,12.83925,8.725,19.9185,9.601,na,na,5.76,L41,cs50,1,2,0,0,1,2
167,22.062166666666666,6.4685,29.859,8.396,25.575,4.541,na,na,31.287,M42,cs112,1,1,0,0,1,3
168,8.995333333333335,4.613666666666667,11.186166666666667,na,9.228333333333333,4.613666666666667,na,na,13.144,L42,cs42,3,3,0,0,0,3
169,5.404,na,5.404,na,na,na,na,na,5.404,M42,cs117,0,0,0,0,0,1
170,29.58,31.427,27.733,31.427,27.733,na,na,na,na,L12,cs53,0,1,0,0,1,0
171,3.9406666666666665,2.623,4.5995,2.623,4.5995,na,na,na,na,M42,TEST9999,0,2,0,0,1,0
172,29.482666666666667,33.255,21.938,33.255,na,na,na,na,21.938,L11,cs85,0,0,0,0,2,1
173,39.367615384615384,13.0686,55.8045,10.375,72.18425,19.572,14.397,12.5105,47.76733333333333,L22,CS121,1,4,2,1,2,3
174,18.99825,21.438333333333333,17.534200000000002,19.296,48.645,22.5095,na,na,9.7565,L31,cs107,2,1,0,0,1,4
175,13.97390909090909,19.1845,7.7212,28.4625,9.4505,14.5455,na,na,0.804,M12,cs131,4,4,0,0,2,1
176,12.443142857142856,9.3365,13.685799999999999,9.761,13.254333333333333,8.912,na,na,14.333,M11,CS100,1,3,0,0,1,2
177,10.952375,4.989333333333333,14.5302,6.071,18.485,2.826,na,na,8.598,M12,cs118,1,3,0,0,2,2
178,37.17333333333334,8.347,51.5865,8.347,52.724,na,na,na,50.449,L21,CS76,0,1,0,0,1,1
179,3.6912857142857143,4.480666666666667,3.09925,2.907,3.551,5.2675,2.0435,na,4.759,L42,TEST9999,2,1,0,2,1,1
180,38.46,35.582,42.777,na,42.777,35.582,na,na,na,L12,CS01,3,2,0,0,0,0
181,9.392100000000001,6.337,13.97475,5.0645,17.6665,6.183,na,11.581,10.283,L42,cs113,1,2,1,0,4,2
182,3.2026666666666666,3.6115,2.385,na,na,3.6115,na,na,2.385,L11,teststefano,2,0,0,0,0,1
183,14.911625,5.111333333333333,20.7918,4.509,26.32766666666667,5.4125,na,na,12.488,L12,cs118,2,3,0,0,1,2
184,14.272333333333334,11.2595,16.682599999999997,7.0165,15.3315,15.5025,na,na,17.583333333333332,L22,cs87,2,2,0,0,2,3
185,35.48357142857143,3.1415,48.4204,na,41.734,na,na,3.1415,52.878,L11,CS136,0,2,2,0,0,3
186,13.1906,2.1345,15.954625,2.1345,11.301333333333334,na,4.728,na,22.25125,M31,cs07,0,3,0,1,2,4
187,3.5145999999999997,3.7433333333333336,3.1715,6.026,4.39,2.602,na,na,1.953,M11,TestRyan,2,1,0,0,1,1
188,17.455272727272728,11.32009090909091,23.590454545454545,9.50125,36.829,16.1118,3.21,2.9785,25.63725,L11,cs26,5,4,2,3,4,4
189,11.036200000000001,3.758875,19.35314285714286,3.1545,27.953,4.36325,na,na,7.886666666666667,L42,cs24,4,4,0,0,4,3
190,83.207,na,83.207,na,90.255,na,na,na,76.159,L22,CS76,0,1,0,0,0,1
191,32.66575,na,32.66575,na,46.111666666666665,na,11.7985,na,33.13133333333334,L11,cs03,0,3,0,2,0,3
192,44.121,42.47266666666666,45.35725,55.3,64.605,36.059,na,na,26.1095,M21,cs57,2,2,0,0,1,2
193,29.2668,2.718,35.904,2.718,35.717,na,na,na,36.091,M31,CS122,0,2,0,0,1,2
194,15.71,11.21,18.41,na,27.61866666666667,11.21,3.834,na,5.36,L41,cs129,3,3,0,1,0,1
195,8.123333333333333,8.123333333333333,na,17.81,na,na,na,3.28,na,L11,cs27,0,0,2,0,1,0
196,15.08,6.905,23.255,5.5445,11.127,9.626,na,na,29.319,M22,CS109,1,1,0,0,2,2
197,7.154333333333333,5.225,8.119,5.694,13.1425,4.756,na,na,3.0955,L32,cs35,1,2,0,0,1,2
198,11.6165,4.2455,15.302,4.2455,15.8165,na,na,na,14.7875,L11,cs43,0,2,0,0,2,2
199,34.810375,27.36611111111111,44.38157142857143,17.562,58.73133333333334,54.839,4.682,5.765,43.265,M11,CS136,3,3,2,1,4,3
200,36.29,35.8495,37.171,na,37.171,64.369,na,7.33,na,L42,cs38,1,1,1,0,0,0
201,10.781545454545453,8.462714285714286,14.8395,3.257,na,12.367,na,na,14.8395,M22,cs29,4,0,0,0,3,4
202,34.1398,23.770666666666667,49.6935,na,na,25.249,na,20.814,49.6935,L31,CS77,2,0,1,0,0,2
203,1.129,na,1.129,na,na,na,na,na,1.129,M21,test6,0,0,0,0,0,1
204,23.2538,28.5965,1.883,21.683333333333334,na,49.336,1.883,na,na,M22,cs16,1,0,0,1,3,0
205,15.238666666666665,10.126,16.261200000000002,na,na,na,9.87,10.126,25.848,L11,cs92,0,0,1,3,0,2
206,14.528923076923077,11.246799999999999,16.58025,19.0935,14.03075,6.015666666666667,na,na,19.12975,L31,CS97,3,4,0,0,2,4
207,2.4143333333333334,0.755,5.733,0.755,5.733,na,na,na,na,M12,teststefano,0,1,0,0,2,0
208,4.0255,5.425,2.626,na,na,5.425,na,na,2.626,L32,stefano1,1,0,0,0,0,1
209,5.644333333333333,5.233,6.467,na,na,5.233,na,na,6.467,L42,cs128,2,0,0,0,0,1
210,5.490600000000001,7.6135,4.075333333333334,6.313,5.0155,8.914,na,na,2.195,M32,cs07,1,2,0,0,1,1
211,5.87425,3.781,6.572,3.781,8.642,na,na,na,5.537,L32,cs07,0,1,0,0,1,2
212,19.97475,17.727285714285713,35.707,5.607,35.707,19.747333333333334,na,na,na,M22,cs66,6,1,0,0,1,0
213,14.967600000000001,11.666,17.8565,18.567,23.02475,9.8355,3.64,5.186,15.704333333333334,L31,cs18,4,4,1,1,2,3
214,25.94125,18.762,28.334333333333333,na,60.85,na,na,18.762,12.0765,M21,CS70,0,1,1,0,0,2
215,7.765,6.6,10.095,8.456,10.095,4.744,na,na,na,L42,cs21,1,1,0,0,1,0
216,15.94425,10.790545454545454,22.243222222222222,12.29,48.023666666666664,15.22975,7.9615,5.22675,10.04875,L41,CS102,4,3,4,2,3,4
217,30.656875,22.8704,43.63433333333334,8.513,43.6245,23.674,na,34.817,43.654,L42,cs86,3,2,1,0,1,1
218,24.32288888888889,16.5695,30.525599999999997,3.706,31.036,20.857333333333333,na,na,29.76,M22,CS130,3,3,0,0,1,2
219,8.1586,5.7156,10.601600000000001,4.2415,10.007,7.1215,5.114,5.852,12.629,L11,cs137,2,1,1,1,2,3
220,8.9995,na,8.9995,na,8.9995,na,na,na,na,L12,teststefano,0,2,0,0,0,0
221,16.519599999999997,2.039,18.128555555555554,2.039,31.025,na,na,na,7.8114,M42,cs49,0,4,0,0,1,5
222,9.311923076923076,6.728833333333333,11.526,3.5743333333333336,10.17775,9.883333333333335,na,na,13.323666666666666,M22,cs56,3,4,0,0,3,3
223,14.600666666666665,8.070666666666668,21.130666666666666,8.226,27.126,7.993,na,na,9.14,L41,CS95,2,2,0,0,1,1
224,16.21375,11.35675,21.07075,na,33.317,12.825,3.279,6.952,14.37,M42,cs40,3,2,1,1,0,1
225,10.378318181818182,4.930909090909091,15.825727272727272,6.6835,22.627,3.63525,10.4875,4.321666666666667,12.52,L21,cs46,4,4,3,2,4,5
226,7.788571428571428,5.996666666666667,9.1325,4.852,10.6155,3.117,na,10.021,7.6495,M12,cs43,1,2,1,0,1,2
227,21.042,20.085,21.999,12.3515,18.398333333333333,27.8185,na,na,32.801,M11,cs134,2,3,0,0,2,1
228,27.00483333333333,17.741,31.63675,20.98,35.800333333333334,14.502,na,na,19.146,L22,ryan,1,3,0,0,1,1
229,7.151888888888888,4.39075,9.3608,4.9945,11.950666666666667,3.787,na,na,5.476,L32,cs68,2,3,0,0,2,2
230,10.60625,8.208666666666666,17.799,8.208666666666666,17.799,na,na,na,na,M32,CS122,0,1,0,0,3,0
231,4.0984,4.0298,4.167,4.186333333333333,3.539,3.795,na,na,4.585666666666667,L42,cs10,2,2,0,0,3,3
232,6.943333333333333,5.26475,10.3005,5.07,na,5.4595,na,na,10.3005,M22,cs09,2,0,0,0,2,2
233,20.81957142857143,24.134,16.400333333333332,36.4035,36.841,11.8645,7.381,na,4.979,M21,cs29,2,1,0,1,2,1
234,23.642,na,23.642,na,23.642,na,na,na,na,M41,CS102,0,1,0,0,0,0
235,8.2385,8.104,8.3192,na,9.382,8.104,na,na,7.610666666666667,L31,cs32,3,2,0,0,0,3
236,4.1695,4.107,4.232,4.107,4.232,na,na,na,na,L21,test01,0,1,0,0,1,0
237,38.498333333333335,na,38.498333333333335,na,38.0575,na,na,na,39.38,M21,ryan,0,2,0,0,0,1
238,29.67233333333333,12.58,38.2185,12.58,38.2185,na,na,na,na,M31,cs82,0,2,0,0,1,0
239,40.805,34.0675,52.034166666666664,23.68,64.55566666666667,40.9925,na,na,39.51266666666666,L21,CS121,6,3,0,0,4,3
240,8.625333333333334,5.1315,11.420399999999999,2.3375,10.996666666666666,7.9255,na,na,12.056,M22,cs34,2,3,0,0,2,2
241,3.7217777777777776,2.162,5.6715,2.119,na,2.1906666666666665,na,na,5.6715,M31,cs60,3,0,0,0,2,4
242,15.240833333333335,11.681,15.9528,11.681,19.40875,na,na,na,2.129,M32,CS75,0,4,0,0,1,1
243,4.6225,1.58,7.665,1.58,7.665,na,na,na,na,M41,test6,0,1,0,0,1,0
244,6.863714285714285,3.6733333333333333,9.2565,3.2225,13.5305,4.575,na,na,4.9825,M32,cs68,1,2,0,0,2,2
245,5.135,na,5.135,na,5.135,na,na,na,na,M11,subj03,0,2,0,0,0,0
246,15.622666666666666,6.879666666666667,19.99416666666667,5.868,23.546666666666667,7.3855,na,na,16.441666666666666,L11,CS74,2,3,0,0,1,3
247,11.7025,10.5925,12.4425,21.116,20.28066666666667,7.084666666666667,na,na,4.604333333333333,L31,cs60,3,3,0,0,1,3
248,23.073454545454545,7.467714285714285,50.3835,1.5023333333333333,151.287,43.26,6.981,na,21.633,L21,ryantest,1,1,0,1,6,2
249,48.6685,58.034,39.303,na,39.303,58.034,na,na,na,L21,cs16,1,1,0,0,0,0
250,9.871285714285714,5.337,10.627,na,11.645333333333333,5.337,na,na,9.608666666666666,M31,cs47,1,3,0,0,0,3
251,8.276818181818182,6.936,9.8858,7.134,15.8235,8.066666666666666,3.09,3.148,7.346,L12,cs52,3,2,1,1,2,2
252,12.193666666666665,9.842,13.3695,9.842,23.042,na,na,na,3.697,M12,TestRyan,0,1,0,0,1,1
253,7.1585,3.8425,10.4745,3.977,na,3.708,na,na,10.4745,L22,cs45,1,0,0,0,1,2
254,3.4908333333333337,3.545,3.4366666666666665,2.579,3.866,4.028,na,na,2.578,M22,cs17,2,2,0,0,1,1
255,15.065285714285714,12.612,16.90525,9.502,16.90525,14.167,na,na,na,L41,cs40,2,4,0,0,1,0
256,19.6214,10.891166666666667,32.71675,9.871,13.298,11.40125,na,na,39.18966666666667,M22,cs65,4,1,0,0,2,3
257,6.372428571428571,4.618666666666667,7.68775,na,na,4.618666666666667,2.063,na,9.562666666666667,M12,test999,3,0,0,1,0,3
258,12.395666666666665,17.0435,3.1,32.456,na,1.631,na,na,3.1,L11,stefano1,1,0,0,0,1,1
259,2.5415,3.458,1.625,3.458,1.625,na,na,na,na,M42,stefano1,0,1,0,0,1,0
260,5.2385,9.698,0.779,9.698,0.779,na,na,na,na,M32,test6,0,1,0,0,1,0
261,23.389555555555553,20.67725,25.5594,9.326,30.655,24.461,na,na,5.177,M11,CS104,3,4,0,0,1,1
262,12.257,6.5472,19.39425,12.632,32.879,2.4906666666666664,na,na,5.9095,M12,cs52,3,2,0,0,2,2
263,2.9254285714285717,2.8595,3.0133333333333336,4.505,2.3515,2.598,na,1.737,4.337,L41,TEST9999,2,2,1,0,1,1
264,8.834,8.834,na,8.834,na,na,na,na,na,L11,test6,0,0,0,0,1,0
265,4.171,4.171,na,4.171,na,na,na,na,na,M32,stefano1,0,0,0,0,1,0
266,23.969125,21.6282,27.87066666666667,21.124,31.512,25.963,na,9.128,26.05,L22,cs29,3,1,1,0,1,2
267,12.816153846153846,10.603714285714286,15.397333333333334,13.602,30.096,4.93,8.157666666666668,9.901555555555555,18.9075,L41,cs72,1,2,9,6,4,4
268,38.011,na,38.011,na,38.011,na,na,na,na,L41,cs112,0,3,0,0,0,0
269,17.687454545454543,8.91375,22.701,3.087,25.455,10.856,19.827,na,20.905,L41,cs113,3,3,0,1,1,3
270,8.010111111111112,4.211,9.909666666666666,na,14.188,4.211,na,na,5.631333333333333,M41,cs128,3,3,0,0,0,3
271,4.594600000000001,4.0988999999999995,5.586,3.33175,8.000333333333334,4.723199999999999,na,4.046,1.9645,M32,cs60,5,3,1,0,4,2
272,40.02025,36.4655,43.575,na,43.575,36.4655,na,na,na,M42,cs11,2,2,0,0,0,0
273,25.737428571428573,6.384,36.489333333333335,9.411,65.02133333333333,2.3415,na,8.415,22.223333333333333,M31,cs139,2,3,1,0,2,6
274,4.531,4.796777777777778,3.7336666666666667,4.796777777777778,3.7336666666666667,na,na,na,na,M12,TEST999,0,3,0,0,9,0
275,5.711,5.861,5.561,5.861,5.561,na,na,na,na,M41,cs117,0,1,0,0,1,0
276,3.3056666666666663,1.167,4.375,1.167,0.578,na,na,na,8.172,L21,teststefano,0,1,0,0,1,1
277,32.388333333333335,9.0184,61.60075,na,na,9.559666666666667,na,8.2065,61.60075,M41,cs71,3,0,2,0,0,4
278,11.3698,5.272666666666667,20.5155,7.072333333333333,32.36,2.3165,na,5.786,8.671,M41,vinnie,2,2,1,0,3,2
279,3.89025,2.678,5.1025,2.678,na,na,na,na,5.1025,M31,cs48,0,0,0,0,2,2
280,11.513444444444445,3.8576666666666664,15.341333333333335,4.55,11.454333333333334,3.5115,na,na,19.22833333333333,L22,cs33,2,3,0,0,1,3
281,10.531571428571429,8.325,10.899333333333335,8.325,12.675666666666666,na,na,na,9.123,M32,cs35,0,3,0,0,1,3
282,35.57111111111111,11.86,47.42666666666666,9.8895,52.4545,na,na,15.801,37.371,L42,cs80,0,4,1,0,2,2
283,8.34375,8.499,8.292,8.499,11.978,na,na,na,6.449,L11,CS91,0,1,0,0,1,2
284,15.375,20.0845,10.6655,na,11.893,20.0845,na,na,9.438,M12,CS105,2,1,0,0,0,1
285,10.02275,6.3065,11.880875,10.613,19.9505,6.0675,5.3,2.478,3.315,M21,cs05,2,4,1,1,1,3
286,35.83266666666666,3.844,42.2304,3.844,51.457,na,na,na,28.3905,L22,CS109,0,3,0,0,1,2
287,20.679428571428573,5.328,26.82,7.782,21.493,2.874,na,na,34.8105,M41,cs129,1,3,0,0,1,2
288,30.106650000000002,13.898916666666667,54.41825,16.605,79.47766666666668,11.6775,5.0485,12.350666666666665,62.272,M21,CS121,4,3,3,2,5,3
289,28.698071428571428,11.15975,35.7134,na,34.591,12.036333333333333,16.6805,8.53,50.272666666666666,L31,cs139,3,5,1,2,0,3
290,12.5015,na,12.5015,na,na,na,na,na,12.5015,L31,CS123,0,0,0,0,0,2
291,8.5415,5.73,10.228399999999999,5.805,9.181333333333335,5.58,na,na,11.799,M32,cs47,1,3,0,0,2,2
292,12.265444444444444,11.131285714285713,16.235,10.56075,na,11.892,na,na,16.235,M32,CS90,3,0,0,0,4,2
293,5.474454545454545,2.9536,7.575166666666667,2.821,8.005666666666666,3.1525,na,na,7.144666666666667,M11,CS91,2,3,0,0,3,3
294,23.12242857142857,21.885,24.0505,19.264,23.673,27.127,na,na,24.176333333333332,L11,cs02,1,1,0,0,2,3
295,13.110882352941177,14.265571428571429,12.3026,16.9745,16.86025,16.074,2.533,1.614,10.6104,M12,test,4,4,1,1,2,5
296,9.841555555555555,6.848666666666667,11.338,7.158,12.287333333333335,na,3.89,6.23,13.638,L11,CS135,0,3,1,1,2,2
297,10.88775,7.743,15.2904,3.198,23.639,12.988666666666665,1.478,5.641,13.848,M21,cs54,3,2,1,1,3,2
298,6.1523076923076925,2.707375,11.664200000000001,2.4435,19.786,3.4626666666666663,na,1.497,6.249666666666667,M22,cs54,3,2,1,0,4,3
299,10.757733333333334,11.012666666666666,10.587777777777777,12.616,12.33,15.168,7.1052,5.254,15.811333333333334,L32,Stefano9,2,1,2,5,2,3
300,14.5114,13.328333333333333,16.286,9.891,na,15.047,na,na,16.286,L12,cs137,2,0,0,0,1,2
301,3.8668333333333336,4.2052,2.175,na,2.175,12.968,na,2.0145,na,L12,TEST9999,1,1,4,0,0,0
302,22.809166666666666,3.569,26.6572,3.569,22.58666666666667,na,na,na,32.763,L12,cs12,0,3,0,0,1,2
303,6.068666666666667,9.284,4.461,9.284,6.425,na,na,na,2.497,M32,cs08,0,1,0,0,1,1
304,1.718,na,1.718,na,na,na,na,na,1.718,M31,stefano1,0,0,0,0,0,1
305,4.839,5.998,3.68,5.998,3.68,na,na,na,na,L31,test6,0,1,0,0,1,0
306,15.479785714285713,15.94442857142857,15.015142857142857,22.1185,12.256,7.712333333333333,na,na,18.694,L12,CS115,3,4,0,0,4,3
307,15.9575,13.6955,16.4099,13.6955,18.21016666666667,na,na,na,13.7095,M32,CS97,0,6,0,0,2,4
308,47.566,49.433,46.6325,na,46.6325,49.433,na,na,na,L21,CS94,1,2,0,0,0,0
309,8.7786,8.808,8.7345,3.275,2.762,11.5745,na,na,14.707,M12,cs61,2,1,0,0,1,1
310,11.772,3.864,15.726,na,na,3.864,na,na,15.726,M42,cs113,1,0,0,0,0,2
311,6.6308,5.0305,7.697666666666667,na,7.32,5.0305,na,na,8.453,L31,cs67,2,2,0,0,0,1
312,8.197666666666667,7.7158,8.8,6.388,9.708,5.543,na,14.717,8.497333333333334,M12,cs85,2,1,1,0,2,3
313,18.918666666666667,17.45266666666667,19.651666666666667,21.125,17.993333333333332,10.108,na,na,21.31,M32,cs20,1,3,0,0,2,3
314,10.958857142857143,2.072,14.5136,0.837,19.437,3.307,na,na,7.1285,M12,cs12,1,3,0,0,1,2
315,10.042200000000001,6.099666666666667,12.670555555555556,8.815,19.79025,5.96625,6.0725,3.918,7.576333333333333,M22,cs05,4,4,1,2,1,3
316,18.40533333333333,6.126,20.8612,6.126,27.987333333333332,na,na,na,10.172,L11,CS99,0,3,0,0,1,2
317,10.467600000000001,7.9148000000000005,13.0204,4.294,13.616333333333333,6.222,na,16.614,12.1265,L41,cs116,3,3,1,0,1,2
318,50.969,6.545,62.075,6.545,57.7475,na,na,na,66.4025,M32,CS114,0,2,0,0,1,2
319,27.1356,26.841923076923077,27.45375,42.03,35.522285714285715,31.043,3.993,9.1332,34.405,L11,CS64,3,7,5,3,5,2
320,7.67525,7.304,7.799,7.304,na,na,na,na,7.799,L22,cs09,0,0,0,0,1,3
321,20.092428571428574,3.5435,26.712,na,39.662333333333336,3.5435,na,na,7.2865,M12,cs02,2,3,0,0,0,2
322,11.541,3.8896666666666664,17.2795,na,26.896,3.8896666666666664,na,na,7.663,M11,CS74,3,2,0,0,0,2
323,17.481625,10.41,19.838833333333334,3.53,21.499333333333333,17.29,na,na,18.17833333333333,M11,CS115,1,3,0,0,1,3
324,30.2875,38.391,22.184,na,22.184,38.391,na,na,na,M22,CS70,1,1,0,0,0,0
325,4.0866,3.6096666666666666,4.802,4.6655,na,1.498,na,na,4.802,M32,cs110,1,0,0,0,2,2
326,9.22675,9.734714285714286,8.831666666666665,3.669,12.1365,11.8676,8.9535,5.136,7.461,M31,CS75,5,2,1,2,1,5
327,3.0107142857142857,1.9095,3.4511999999999996,1.457,5.1165,2.362,na,na,2.341,M21,cs17,1,2,0,0,1,3
328,10.78,4.530333333333333,14.5298,4.6285,16.99366666666667,4.334,na,na,10.834,M11,cs52,1,3,0,0,2,2
329,36.284,16.9465,49.175666666666665,28.547,56.708,5.346,na,na,41.64333333333334,L21,cs93,2,3,0,0,2,3
330,30.718833333333333,38.254333333333335,23.183333333333334,na,39.906333333333336,41.7566,7.765,20.743,3.851,L21,cs57,5,3,1,2,0,1
331,14.585625,5.368333333333333,20.116,4.4435,13.8605,7.218,na,na,24.28633333333333,M22,CS120,1,2,0,0,2,3
332,14.050307692307692,12.90542857142857,15.386,7.839,16.980666666666668,16.70525,na,na,13.791333333333334,L12,cs13,4,3,0,0,3,3
333,20.789357142857142,4.569285714285715,37.00942857142857,5.2802,15.969666666666667,2.792,na,na,52.78925,M12,CS104,2,3,0,0,5,4
334,42.64533333333333,39.80725,48.3215,30.7935,81.285,48.821,na,na,15.358,L22,CS70,2,1,0,0,2,1
335,14.761333333333335,19.6215,10.8732,na,13.03375,25.360666666666667,2.231,2.404,na,L11,cs131,3,4,1,1,0,0
336,15.574,8.05825,35.616,7.463333333333333,28.72,10.955,na,4.6055,39.064,L11,cs04,3,1,2,0,3,2
337,15.822857142857144,3.721,17.83983333333333,3.721,22.418,na,na,na,13.261666666666667,L11,cs12,0,3,0,0,1,3
338,26.13725,20.375,31.8995,14.877,35.519,25.873,na,na,24.6605,M21,CS130,3,4,0,0,3,2
339,23.01585714285714,7.635,34.5515,6.793,38.939,na,na,9.319,33.089,L21,cs65,0,1,1,0,2,3
340,20.715,23.449333333333332,19.0744,na,18.82333333333333,23.449333333333332,na,na,19.451,M41,cs126,3,3,0,0,0,2
341,6.2085,4.0975,8.3195,na,1.684,4.0975,na,na,14.955,M11,CS81,2,1,0,0,0,1
342,16.868125,7.137,20.111833333333333,na,28.627,7.137,na,na,15.85425,L22,cs31,2,2,0,0,0,4
343,8.67425,2.477,10.74,2.468,26.1705,2.486,na,na,3.02475,M12,cs39,1,2,0,0,1,4
344,9.727799999999998,11.44275,2.868,4.023,2.868,13.916,na,na,na,L42,cs40,3,1,0,0,1,0
345,11.250875,4.833,13.390166666666666,na,12.911,4.833,na,na,13.62975,M41,cs96,2,2,0,0,0,4
346,36.627,9.186,54.921,6.8435,61.042,11.5285,na,na,42.679,M22,cs79,2,4,0,0,2,2
347,21.7864,4.6955,33.18033333333334,na,47.45,4.6955,na,na,4.641,M21,cs31,2,2,0,0,0,1
348,9.632,7.466,10.869714285714286,6.954,18.500333333333334,7.978,na,na,5.14675,M21,CS106,2,3,0,0,2,4
349,16.243473684210528,6.710363636363636,29.3515,6.3246,36.06825,3.255,3.695,25.916,28.948,M41,CS95,5,4,1,1,5,3
350,13.4956,4.097,15.84525,4.097,21.7985,na,na,na,9.892,M21,cs34,0,2,0,0,1,2
351,8.286222222222223,8.195333333333334,8.468,7.006333333333333,8.468,7.4265,na,13.3,na,L41,cs41,2,3,1,0,3,0
352,17.26036842105263,18.583,15.790777777777777,15.442666666666666,27.5045,22.140833333333333,8.095,6.657,6.001,M32,CS98,6,4,1,1,3,4
353,4.738,6.494,3.86,6.494,4.854,na,na,na,2.866,L21,stefano1,0,1,0,0,1,1
354,16.961583333333333,26.6865,12.099125,31.415,16.6465,25.110333333333333,5.717,na,13.056,M31,cs15,3,4,0,3,1,1
355,9.831,10.629125,9.121555555555554,12.153799999999999,8.073571428571428,8.088,na,na,12.7895,L12,cs64,3,7,0,0,5,2
356,9.3698,12.768666666666666,4.2715,6.5005,na,na,na,25.305,4.2715,M31,cs110,0,0,1,0,2,2
357,17.549,18.792,16.306,18.792,na,na,na,na,16.306,L12,TestRyan,0,0,0,0,1,1
358,4.9496,4.946,4.964,4.946,4.964,na,na,na,na,M41,cs41,0,1,0,0,4,0
359,11.022200000000002,5.4225,14.755333333333335,5.805,9.949,6.184,na,3.517,17.1585,L31,cs47,2,2,1,0,1,4
360,11.237666666666666,8.268,12.7225,6.354,25.583,na,8.612,10.182,8.3475,L12,cs63,0,1,1,1,1,2
361,10.553266666666666,6.6795,13.135777777777777,4.944,29.1565,8.521,3.636,6.030333333333333,15.121666666666666,L42,cs72,2,2,3,4,1,3
362,10.833,10.833,na,na,na,10.833,na,na,na,M12,cs53,1,0,0,0,0,0
363,15.566625,15.1038,16.338,17.2415,16.338,13.2345,na,14.567,na,L12,CS105,2,3,1,0,2,0
364,5.353,na,5.353,na,na,na,na,na,5.353,M42,cs41,0,0,0,0,0,1
365,29.998,17.481,48.7735,27.435,46.15,21.10666666666667,na,7.0655,56.644,M32,cs139,3,3,2,0,1,1
366,17.93381818181818,8.525,25.7745,12.11,50.2625,7.375666666666667,6.567,8.388,15.851666666666667,L32,CS90,3,2,1,1,1,3
367,20.553,15.117333333333335,23.814400000000003,19.941,23.340666666666667,5.47,na,na,24.525,L12,cs44,1,3,0,0,2,2
368,8.948333333333334,6.189666666666667,11.707,7.795,25.182,5.387,na,na,4.9695,M21,cs55,2,1,0,0,1,2
369,8.603,na,8.603,na,na,na,na,na,8.603,L11,CS138,0,0,0,0,0,2
370,16.5525,5.787,27.318,5.787,27.318,na,na,na,na,L22,CS103,0,3,0,0,3,0
371,40.845416666666665,12.3094,61.22828571428572,11.5315,71.26333333333334,5.688,na,27.108,53.702,L41,cs80,2,3,1,0,2,4
372,4.26325,4.2305,4.296,na,na,4.2305,na,na,4.296,M12,cs92,2,0,0,0,0,2
373,26.5575,10.363,42.752,na,na,10.363,na,na,42.752,L12,cs30,1,0,0,0,0,1
374,13.543625,4.653666666666667,18.877599999999997,5.778,20.916,4.0915,10.167,na,21.1945,M31,CS90,2,2,0,1,1,2
375,23.843909090909094,21.944142857142857,27.1685,22.1365,30.78,21.68766666666667,na,na,23.557,M31,cs89,3,2,0,0,4,2
376,7.025,8.412,4.251,6.709,4.251,10.115,na,na,na,L41,cs22,1,1,0,0,1,0
377,34.63925,44.52325,24.75525,na,24.75525,55.47533333333334,na,11.667,na,M22,cs57,3,4,1,0,0,0
378,7.224666666666667,6.222,7.726,na,7.882,6.222,na,na,7.57,L32,cs111,1,1,0,0,0,1
379,35.9791875,35.257666666666665,36.90685714285714,32.4625,32.510666666666665,55.553,25.443,10.405,45.12433333333333,L21,CS130,3,3,2,1,4,3
380,7.4925,4.413714285714286,11.8028,5.729,24.671,2.66,na,na,3.224,L32,cs60,3,2,0,0,4,3
381,9.244,4.0415,12.712333333333333,4.0415,na,na,3.698,na,17.2195,M31,cs59,0,0,0,1,2,2
382,10.816,6.1944,16.593,5.3405,15.444,5.826,na,8.639,17.742,L41,cs117,2,2,1,0,2,2
383,6.679600000000001,4.7615,7.958333333333333,5.322,4.4475,2.828,12.651,5.574,8.734666666666666,M41,cs37,1,2,1,1,2,3
384,13.607875,3.10825,24.1075,2.6875,22.281,3.529,na,na,25.934,L32,cs20,2,2,0,0,2,2
385,31.7765,na,31.7765,na,47.888,na,na,na,15.665,M41,cs78,0,2,0,0,0,2
386,14.6495,15.279333333333334,12.76,na,na,20.2855,na,5.267,12.76,L11,cs53,2,0,1,0,0,1
387,4.8405,4.113833333333333,5.3855,7.075,2.7153333333333336,3.5216,na,na,13.396,M31,cs67,5,6,0,0,1,2
388,18.040200000000002,14.655,18.8865,14.655,17.0535,na,na,na,20.7195,L21,cs120,0,2,0,0,1,2
389,34.74775,28.591,36.8,na,42.194,28.591,na,na,26.012,L32,CS77,1,2,0,0,0,1
390,13.654666666666666,13.445,14.074,17.487,na,9.403,na,na,14.074,L12,cs85,1,0,0,0,1,1
391,15.4455,7.225666666666667,20.3774,8.411,24.84166666666667,4.855,na,na,13.681,L12,cs01,1,3,0,0,2,2
392,13.972,na,13.972,na,21.138,na,na,na,6.806,L22,cs14,0,1,0,0,0,1
393,5.8504,3.61,7.344,4.548,7.9305,2.672,na,na,6.171,M12,CS138,1,2,0,0,1,1
394,10.9116,3.6385,15.760333333333334,4.611,18.653,2.666,na,na,9.975,L41,cs21,1,2,0,0,1,1
395,10.61,11.1923125,10.0276875,12.4625,13.46575,17.326,7.722875,7.490375,11.19925,M11,Stefano9,4,4,8,8,4,4
396,15.074,7.5645,30.093,2.977,na,12.152,na,na,30.093,M41,cs25,1,0,0,0,1,1
397,17.208099999999998,5.43575,25.05633333333333,4.246,21.249,5.832333333333333,na,na,28.863666666666667,M42,cs129,3,3,0,0,1,3
398,24.063,27.237,22.476,na,20.642,27.237,na,na,24.31,M11,cs27,1,1,0,0,0,1
399,49.17944444444444,15.916333333333334,65.811,15.916333333333334,65.00866666666667,na,na,na,66.61333333333333,L21,CS109,0,3,0,0,3,3
400,69.35666666666667,40.12,83.975,na,79.448,40.12,na,na,88.502,M42,cs124,1,1,0,0,0,1
401,13.961,20.635,12.2925,20.635,8.784,na,na,na,13.462,L22,cs55,0,1,0,0,1,3
402,34.8755,11.636,58.115,9.49,65.622,13.782,na,na,50.608,M22,CS76,1,1,0,0,1,1
403,16.91775,12.7546,23.856333333333332,14.901666666666666,4.826,9.534,na,na,33.3715,M21,CS76,2,1,0,0,3,2
404,23.774428571428572,29.66633333333333,19.3555,28.075,24.35333333333333,30.462,4.362,na,na,M11,cs131,2,3,0,1,1,0
405,23.374666666666666,5.4845,32.31975,2.193,28.84166666666667,8.776,na,na,42.754,M11,cs04,1,3,0,0,1,1
406,42.625894736842106,35.76918181818181,52.053875,40.43025,54.7045,43.584199999999996,na,6.9095,49.40325,M11,CS01,5,4,2,0,4,4
407,3.16825,1.525,3.716,na,na,1.525,na,na,3.716,M31,test6,1,0,0,0,0,3
408,5.762111111111111,5.9094,5.578,7.251666666666667,6.227666666666667,3.896,na,na,3.629,L32,CS75,2,3,0,0,3,1
409,14.356333333333334,6.166399999999999,20.206285714285713,6.3455,25.31,6.047,na,na,16.3785,L32,cs33,3,3,0,0,2,4
410,8.177571428571428,6.0215,9.04,na,12.721666666666666,6.0215,na,na,3.5175,M11,cs23,2,3,0,0,0,2
411,9.956375,2.2605,12.521666666666667,2.383,6.83,2.138,na,na,15.3675,M11,cs118,1,2,0,0,1,4
412,11.4945,na,11.4945,na,12.076,na,na,na,9.75,M41,cs21,0,3,0,0,0,1
413,11.89875,8.005,13.196666666666665,na,6.232,8.005,na,na,16.679,M12,CS74,1,1,0,0,0,2
414,10.685818181818181,5.931727272727273,15.43990909090909,na,na,6.4784444444444444,6.406333333333333,3.4715,18.8275,M22,CS94,9,0,2,3,0,8
415,22.8555,9.507,25.5252,na,29.878666666666668,9.507,na,na,18.995,L12,cs04,1,3,0,0,0,2
416,18.968333333333334,5.724600000000001,35.523,7.003,31.4555,na,na,3.807,39.5905,M41,cs86,0,2,2,0,3,2
417,6.5398000000000005,6.9055,6.296,9.821,4.125,6.612666666666667,3.3016666666666663,1.953,9.62725,M11,test999,3,2,1,3,2,4
418,2.096,2.596,1.596,na,na,2.596,na,na,1.596,M42,TEST999,1,0,0,0,0,1
419,12.175600000000001,11.660333333333334,12.9485,11.897,18.763,11.187,na,na,7.134,M21,cs45,1,1,0,0,2,1
420,4.1235,4.187,3.933,6.934,na,2.626,na,3.001,3.933,M11,subj01,1,0,1,0,1,1
421,5.006125,6.3304,2.799,4.328,2.898,6.831,na,na,2.601,M22,cs45,4,2,0,0,1,1
422,4.108444444444444,3.8003333333333336,4.724666666666667,7.632,na,3.406,4.185,2.476,5.804,L31,CS122,3,0,2,2,1,1
423,15.245333333333335,3.774,20.981,3.774,20.981,na,na,na,na,L12,cs27,0,2,0,0,1,0
424,8.877,3.33475,13.310799999999999,2.6508000000000003,16.9365,6.286,2.857,0.852,12.501,M21,cs46,2,4,1,1,5,5
425,7.7732,6.998,8.29,9.951,8.29,4.045,na,na,na,L12,cs133,1,3,0,0,1,0
426,35.761,29.432333333333332,45.254,na,45.254,29.432333333333332,na,na,na,L11,CS01,3,2,0,0,0,0
427,15.646,10.677666666666665,19.37225,9.1625,18.799,13.708,na,na,19.563333333333333,L12,CS74,1,1,0,0,2,3
428,7.753,na,7.753,na,7.753,na,na,na,na,M21,stefano1,0,1,0,0,0,0
429,19.723,24.26025,10.6485,20.2195,0.059,28.301,na,na,21.238,M11,cs51,2,1,0,0,2,1
430,9.801200000000001,6.8448,12.7576,8.344,11.225,4.596,na,na,13.779333333333334,L32,cs110,2,2,0,0,3,3
431,26.884,23.713,30.055,na,30.055,23.713,na,na,na,L32,cs15,1,1,0,0,0,0
432,5.9354,4.807333333333333,7.6275,na,11.284,4.807333333333333,na,na,3.971,M11,cs85,3,1,0,0,0,1
433,9.610473684210527,6.099909090909091,14.4375,2.912,17.2285,14.414666666666665,6.413,3.0983333333333336,13.391,L22,cs46,3,4,3,1,5,3
434,7.111333333333333,7.111333333333333,na,na,na,7.111333333333333,na,na,na,M31,cs19,3,0,0,0,0,0
435,11.226,10.92,11.43,10.92,12.076,na,na,na,11.107,M11,cs61,0,1,0,0,2,2
436,21.849823529411765,10.920625,31.564666666666668,11.3538,15.41175,10.198666666666666,na,na,44.487,L21,cs108,3,4,0,0,5,5
437,17.267125,9.717,26.97442857142857,9.311,33.748666666666665,7.4992,4.005,22.024,27.85666666666667,M41,CS101,5,3,1,1,3,3
438,7.1945,7.594,6.795,na,na,7.594,na,na,6.795,M42,test6,1,0,0,0,0,1
439,9.149076923076924,5.8425,11.983285714285714,7.36425,19.062,2.799,na,na,6.67425,M12,cs13,2,3,0,0,4,4
440,16.335625,9.5655,23.10575,10.133666666666667,22.978,7.861,na,na,23.148333333333333,L12,CS104,1,1,0,0,3,3
441,33.2665,11.137,40.643,na,56.0155,11.137,na,na,9.898,L41,cs84,1,2,0,0,0,1
442,16.6505,13.43425,23.083,17.46,24.924,9.4085,na,na,21.242,L32,cs107,2,1,0,0,2,1
443,2.445,na,2.445,na,2.445,na,na,na,na,M21,TEST999,0,1,0,0,0,0
444,4.714571428571428,4.4078888888888885,5.2666,5.3685,7.0285,3.375,na,4.697,4.092,M12,CS91,4,2,1,0,4,3
445,7.222285714285714,4.524,9.246,4.276,na,4.648,3.578,na,11.135333333333334,M42,cs116,2,0,0,1,1,3
446,19.189625,5.970125,32.409125,4.73225,45.1265,7.208,na,na,19.69175,L22,cs108,4,4,0,0,4,4
447,26.1955,8.9795,34.8035,8.9795,47.1565,na,na,na,22.4505,L21,cs87,0,2,0,0,2,2
448,11.31257142857143,7.7832,20.136,3.9825,22.179,10.317,na,na,18.093,L41,cs126,3,1,0,0,2,1
449,7.532,na,7.532,na,na,na,na,na,7.532,L11,cs61,0,0,0,0,0,1
450,16.7938,5.946,19.50575,na,7.5595,5.946,na,na,31.452,M11,cs03,1,2,0,0,0,2
451,14.083727272727272,7.6645,17.75185714285714,8.1505,19.275,7.1785,na,na,15.721,M12,cs44,2,4,0,0,2,3
452,24.999,0.999,32.999,0.999,21.596,na,na,na,38.7005,M22,ryan,0,1,0,0,1,2
453,15.328727272727273,4.115,24.6735,2.864,27.57925,9.119,na,na,18.862,M41,cs49,1,4,0,0,4,2
454,33.80390909090909,23.01983333333333,46.744800000000005,19.481,50.08733333333333,24.78925,na,na,41.731,L22,cs57,4,3,0,0,2,2
455,15.7983,17.0395,14.970833333333333,12.0685,16.043666666666667,22.0105,na,na,13.898,L12,cs23,2,3,0,0,2,3
456,4.938,4.8655,5.083,8.551,na,1.18,na,na,5.083,L22,teststefano,1,0,0,0,1,1
457,6.956,6.24,7.493,12.925,11.4795,2.8975,na,na,3.5065,L42,test-vinnie,2,2,0,0,1,2
458,13.9365,14.0764,13.83657142857143,9.473,14.683,18.78633333333333,na,4.55,12.708,L31,cs48,3,4,1,0,1,3
459,20.426333333333332,na,20.426333333333332,na,53.411,na,na,na,3.934,L32,cs08,0,1,0,0,0,2
460,11.07925,6.153333333333333,25.857,5.138,na,8.184,na,na,25.857,L12,CS91,1,0,0,0,2,1
461,7.131357142857143,5.84,8.099875,6.439333333333333,15.102666666666666,5.240666666666667,na,na,3.8981999999999997,L12,cs39,3,3,0,0,3,5
462,37.19788888888889,17.889,46.852333333333334,15.173,47.44766666666666,23.321,na,na,46.257,L22,CS130,1,3,0,0,2,3
463,18.9145,na,18.9145,na,na,na,18.9145,na,na,M12,cs62,0,0,0,2,0,0
464,24.636333333333333,8.066,27.950400000000002,na,31.356,8.066,na,na,22.842,M21,cs87,1,3,0,0,0,2
465,37.83558333333333,20.464333333333332,55.206833333333336,13.51975,79.41925,na,6.782,34.3535,na,L21,cs79,0,4,2,2,4,0
466,28.523833333333332,23.531,31.02025,na,20.578,7.754,44.824,39.308,29.3395,L41,cs96,1,1,1,1,0,2
467,10.33359090909091,9.573166666666665,11.2461,8.93275,16.97125,7.8135,7.63025,11.97325,7.0275,L31,cs83,4,4,4,4,4,2
468,3.2476666666666665,3.2476666666666665,na,na,na,na,na,3.2476666666666665,na,L11,test,0,0,3,0,0,0
469,26.646833333333333,5.932,30.7898,5.932,26.482,na,na,na,33.66166666666666,L22,cs120,0,2,0,0,1,3
470,15.322142857142858,8.767,20.2385,7.3105,18.5525,11.68,na,na,21.9245,M12,CS135,1,2,0,0,2,2
471,3.703,3.703,na,5.123666666666667,na,1.572,na,na,na,M11,cs53,2,0,0,0,3,0
472,5.151,4.617666666666667,6.751,9.893,6.751,1.98,na,na,na,M12,cs64,2,1,0,0,1,0
473,22.15369696969697,22.831842105263156,21.23335714285714,22.611833333333333,21.751,49.17025,12.350428571428571,11.272555555555554,41.27,M31,cs107,4,4,9,7,6,3
474,16.87788888888889,22.578,5.477666666666667,na,na,22.578,3.905,na,6.264,L41,test,6,0,0,1,0,2
475,15.60778947368421,7.692090909090909,26.491875,10.070285714285713,51.89066666666666,3.53025,0.991,na,13.818,M12,cs26,4,3,0,1,7,4
476,6.16325,3.572,7.027,na,17.172,3.572,na,na,1.9545,M12,cs63,1,1,0,0,0,2
477,32.062,22.4724,56.036,22.4724,56.036,na,na,na,na,M41,cs84,0,2,0,0,5,0
478,7.603,2.935,9.937,na,6.124,2.935,na,na,13.75,M32,cs125,1,1,0,0,0,1
479,19.209222222222223,9.817,23.90533333333333,7.154,20.432,15.143,na,na,27.378666666666668,M42,cs96,1,3,0,0,2,3
480,4.4685,4.4685,na,4.4685,na,na,na,na,na,M21,cs14,0,0,0,0,2,0
481,15.546181818181818,3.6735,29.793400000000002,2.76,25.9825,3.6335,na,4.747,32.334,M42,CS95,4,2,1,0,1,3
482,0.717,0.717,na,0.717,na,na,na,na,na,L22,test6,0,0,0,0,1,0
483,3.51625,3.6463333333333336,3.126,2.635,3.126,5.669,na,na,na,M22,cs28,1,1,0,0,2,0
484,11.483,11.483,na,na,na,11.483,na,na,na,M11,test6,1,0,0,0,0,0
485,19.713428571428572,5.003,22.165166666666668,na,29.287,5.003,2.56,na,21.285,L21,cs34,1,3,0,1,0,2
486,7.660636363636364,5.676769230769231,10.526222222222223,2.29,7.1795,9.255166666666666,13.3,2.84925,11.1795,M11,cs39,6,2,4,1,3,6
487,8.292,na,8.292,na,na,na,na,na,8.292,M12,cs30,0,0,0,0,0,1
488,9.6,na,9.6,na,10.4255,na,na,na,7.949,M42,cs42,0,2,0,0,0,1
489,5.6745,7.362,3.987,na,na,7.362,na,na,3.987,L31,stefano1,1,0,0,0,0,1
490,15.40409090909091,12.059,19.418200000000002,6.397,20.7505,12.657666666666666,na,21.587,18.53,M12,CS99,3,2,1,0,2,3
491,5.032,3.944,5.6848,3.43,6.435333333333333,4.201,na,na,4.559,L42,cs117,2,3,0,0,1,2
492,13.714,6.624181818181818,20.213,7.8793999999999995,32.9612,4.49125,8.323,7.752,12.220799999999999,M41,cs24,4,5,2,2,5,5
493,13.520833333333334,3.1555,18.7035,2.548,29.245,na,na,3.763,15.189666666666666,L11,cs133,0,1,1,0,1,3
494,0.627,na,0.627,na,na,na,na,na,0.627,M22,test6,0,0,0,0,0,1
495,24.086,4.648,43.524,4.648,na,na,na,na,43.524,L22,cs28,0,0,0,0,1,1
496,12.6708125,5.64125,19.700375,2.029,25.4955,9.2535,na,na,13.90525,M42,cs24,4,4,0,0,4,4
497,14.9005,11.407166666666667,18.393833333333333,8.2195,21.08725,15.323666666666666,na,6.033,13.007,L41,cs127,3,4,1,0,2,2
498,6.1825,6.751,5.614,6.751,5.614,na,na,na,na,L41,stefano1,0,1,0,0,1,0
499,21.266,22.41166666666667,20.12033333333333,na,na,30.316,23.444,6.603,18.4585,L21,cs29,2,0,1,1,0,2
500,16.46366666666667,12.64725,24.0965,8.8295,na,18.39,na,14.54,24.0965,L12,CS99,1,0,1,0,2,2
501,34.99,6.848,49.061,na,51.0145,6.848,na,na,47.1075,L31,CS114,2,2,0,0,0,2
502,6.391222222222223,7.072,5.54025,7.072,5.54025,na,na,na,na,L11,cs64,0,4,0,0,5,0
503,14.592,12.3335,16.8505,12.3335,15.032,na,na,na,18.669,L21,cs09,0,1,0,0,2,1
504,29.304375,33.624199999999995,22.104666666666667,33.201,na,62.255,18.596,5.205,23.859,L21,cs06,2,0,2,1,1,2
505,5.460076923076923,4.422,6.349857142857143,4.67425,4.32,3.9175,6.448,na,8.347,L11,cs39,2,3,0,1,4,3
506,9.550285714285714,6.700333333333333,11.68775,7.055,9.3005,5.991,na,na,14.075,L31,cs59,1,2,0,0,2,2
507,4.867,na,4.867,na,4.867,na,na,na,na,L32,test6,0,1,0,0,0,0
508,32.914833333333334,41.723,31.153200000000002,na,37.4985,41.723,5.772,na,na,M32,cs107,1,4,0,1,0,0
509,8.759833333333335,6.241666666666667,11.278,4.0435,9.056,10.638,na,na,12.389,M12,cs137,1,1,0,0,2,2
510,10.786777777777777,6.936333333333333,12.712,5.932,25.7385,7.4385,na,na,6.19875,M42,cs38,2,2,0,0,1,4
511,30.948,6.961,35.745400000000004,6.961,24.1765,na,na,na,43.458,L22,cs65,0,2,0,0,1,3
512,10.890875,9.7395,12.04225,5.173,11.147,11.261666666666667,na,na,12.9375,L31,cs68,3,2,0,0,1,2
513,16.195916666666665,12.001833333333334,20.39,6.357,11.425666666666666,14.82425,na,na,29.354333333333333,M11,CS135,4,3,0,0,2,3
514,21.012833333333333,8.834,27.10225,na,38.451,8.834,na,na,15.7535,M12,cs04,2,2,0,0,0,2
515,4.5238000000000005,3.0075,5.534666666666667,4.335,1.652,1.68,na,na,7.476,M41,cs22,1,1,0,0,1,2
516,9.71475,6.222571428571428,14.6038,6.534,18.436666666666667,5.989,na,na,8.8545,M12,CS115,4,3,0,0,3,2
517,47.837,na,47.837,na,na,na,na,na,47.837,L41,cs71,0,0,0,0,0,1
518,6.389285714285714,4.4025,9.038333333333334,5.725666666666667,17.877,4.311,na,0.799,4.619,L21,cs56,4,2,1,0,3,4
519,6.220125,7.23475,5.2055,7.811333333333333,4.835,5.505,na,na,5.576,L12,cs61,1,2,0,0,3,2
520,44.052,77.902,32.76866666666666,na,32.76866666666666,77.902,na,na,na,M32,cs15,1,3,0,0,0,0
521,5.820857142857143,7.77525,3.215,2.931,3.7655,9.39,na,na,2.114,M11,cs64,3,2,0,0,1,1
522,4.170428571428571,5.889,3.483,8.607,2.303,3.171,na,na,4.269666666666667,M12,cs133,1,2,0,0,1,3
523,35.73763636363636,33.176833333333335,38.8106,na,64.7295,36.49466666666667,5.268,29.859,29.663,L22,cs66,3,2,3,1,0,2
524,10.384,na,10.384,na,na,na,na,na,10.384,M31,cs68,0,0,0,0,0,2
525,0.546,na,0.546,na,0.546,na,na,na,na,L12,stefano1,0,1,0,0,0,0
526,6.616818181818182,4.8162,8.117333333333333,3.754,6.527,6.4095,na,na,9.707666666666666,M41,cs127,2,3,0,0,3,3
527,4.593666666666667,1.628,6.0765,na,6.0765,1.628,na,na,na,L42,cs49,1,2,0,0,0,0
528,14.3478,9.2545,17.743333333333332,12.101,33.379,6.408,na,na,9.9255,L31,cs111,1,1,0,0,1,2
529,15.347,19.363,12.669666666666666,29.13,20.057,9.596,na,na,8.976,M31,cs20,1,1,0,0,1,2
530,8.2147,2.388,14.0414,2.6225,17.84166666666667,2.2316666666666665,na,na,8.341,L22,cs56,3,3,0,0,2,2
531,5.0165,8.706,1.327,na,na,8.706,na,na,1.327,M41,cs124,1,0,0,0,0,1
532,12.99157142857143,7.93925,19.728,8.4375,16.13,7.441,na,na,26.924,L41,cs37,2,2,0,0,2,1
533,11.738333333333333,2.929625,21.80542857142857,2.452,26.94833333333333,3.7256666666666667,na,na,17.94825,L22,cs54,3,3,0,0,5,4
534,7.75325,3.6315,11.875,4.755,18.85,2.508,na,na,4.9,M12,cs03,1,1,0,0,1,1
535,8.677857142857142,2.648,13.20025,1.768,7.181,3.088,na,na,19.2195,M41,cs50,2,2,0,0,1,2
536,9.282181818181819,11.896,7.104,na,10.763,11.896,na,na,6.372199999999999,M32,cs32,5,1,0,0,0,5
537,18.03969230769231,12.445,22.83514285714286,10.623,20.7445,13.356,na,na,25.622666666666667,L11,CS115,4,4,0,0,2,3
538,17.03009090909091,5.338166666666667,31.0604,6.289,25.101,4.86275,na,na,39.9995,L42,cs84,4,3,0,0,2,2
539,11.810615384615385,3.8348333333333335,18.647,4.67,10.091,3.41725,na,na,25.064,L21,cs54,4,3,0,0,2,4
540,30.702166666666667,4.629,35.9168,4.629,50.958,na,4.447,na,36.6105,M42,cs86,0,2,0,1,1,2
541,9.685,5.0678,32.771,na,na,6.132,na,0.811,32.771,M11,teststefano,4,0,1,0,0,1
542,21.6115,20.279,22.944,na,22.944,20.279,na,na,na,L31,cs82,2,2,0,0,0,0
543,10.409222222222223,7.476,16.275666666666666,na,na,4.61575,na,13.1965,16.275666666666666,M21,CS103,4,0,2,0,0,3
544,3.9755,4.88,3.071,4.88,na,na,na,na,3.071,L22,stefano1,0,0,0,0,1,1
545,19.36611111111111,19.98466666666667,18.129,22.50275,20.206,14.9485,na,na,17.0905,L41,CS119,2,1,0,0,4,2
546,4.398333333333333,1.07,6.0625,na,na,1.07,na,na,6.0625,M22,teststefano,1,0,0,0,0,2
547,13.05890909090909,11.033166666666666,15.489799999999999,13.061,19.85533333333333,23.425,2.274,5.550666666666667,15.609,M21,cs09,1,3,3,1,2,1
548,3.054,5.278,0.83,na,na,5.278,na,na,0.83,L11,TestRyan,1,0,0,0,0,1
549,5.246,3.8335714285714286,6.893833333333333,4.887666666666667,5.836666666666667,3.043,na,na,7.951,M32,cs67,4,3,0,0,3,3
550,8.2235,9.54,6.907,na,na,9.54,na,na,6.907,M11,CS105,1,0,0,0,0,1
551,11.564,3.271,13.63725,2.318,24.999333333333333,4.224,5.981,na,7.379333333333333,M31,cs35,1,3,0,2,1,3
552,16.364,6.502333333333333,28.198,5.8055,38.20033333333333,6.85075,na,na,13.1945,M42,cs84,4,3,0,0,2,2
553,5.042428571428571,5.890333333333333,4.4065,5.967,3.394,5.852,na,na,5.419,L42,cs41,2,2,0,0,1,2
554,15.328181818181818,4.08025,21.75557142857143,3.6566666666666667,31.1215,5.351,na,na,9.267666666666667,M21,CS120,1,4,0,0,3,3
555,16.244470588235295,15.470818181818181,17.66283333333333,20.4805,24.483,9.472,na,9.450666666666667,16.2988,M42,CS119,2,1,3,0,6,5
556,24.71,20.9192,28.500799999999998,12.1985,39.96333333333334,38.6355,5.087,2.928,17.527,L31,CS98,2,3,1,1,2,1
557,24.35095833333333,25.7195,22.98241666666667,21.964599999999997,35.78675,45.31825,3.499,5.846,29.6615,L12,cs26,4,4,3,4,5,4
558,7.5985555555555555,7.885,7.025666666666667,4.649,6.8215,9.503,na,na,7.434,M22,cs55,4,2,0,0,2,1
559,15.112,na,15.112,na,17.115,na,na,na,13.109,L21,cs31,0,1,0,0,0,1
560,4.677333333333333,5.7995,4.11625,5.7995,2.794,na,4.922,na,3.827,L21,cs14,0,1,0,2,2,1
561,3.25725,4.075333333333334,0.803,6.821,na,2.7025,na,na,0.803,M11,cs133,2,0,0,0,1,1
562,17.47733333333333,23.405,14.5135,na,14.5135,23.405,na,na,na,L32,cs58,1,2,0,0,0,0
563,17.02642857142857,12.151875,23.52583333333333,12.092,9.648,7.89125,na,17.852666666666668,30.46475,L31,cs110,4,2,3,0,1,4
564,15.838333333333335,9.00225,21.3072,10.492,21.560333333333332,8.033,na,9.451,20.9275,L21,cs69,2,3,1,0,1,2
565,14.289,na,14.289,na,20.916,na,na,na,7.662,M31,cs08,0,1,0,0,0,1
566,6.8585714285714285,5.2775,8.966666666666667,6.9145,10.851,3.6405,na,na,8.0245,L32,cs32,2,1,0,0,2,2
567,7.30825,9.402,6.052,12.4825,5.834,3.241,na,na,6.197333333333333,L32,cs125,1,2,0,0,2,3
568,2.373,na,2.373,na,na,na,3.679,na,1.72,M41,cs72,0,0,0,1,0,2
569,4.466666666666667,3.6065,6.187,4.087,6.187,3.126,na,na,na,L42,cs22,1,1,0,0,1,0
570,8.398642857142857,6.1305,11.422833333333333,11.6475,17.643,5.139,5.911,3.444,11.24575,L41,CS101,3,1,3,1,2,4
571,5.699571428571429,6.720666666666667,4.93375,6.176,5.387666666666667,6.993,na,na,3.572,M11,cs137,2,3,0,0,1,1
572,18.60333333333333,9.356,23.227,10.326,27.652,8.386,na,na,18.802,M12,CS100,1,2,0,0,1,2
573,22.425,na,22.425,na,17.206,na,na,na,27.644,L12,cs92,0,1,0,0,0,1
574,7.862857142857143,5.266666666666667,9.81,3.163,7.56,6.3185,na,na,16.56,M12,CS81,2,3,0,0,1,1
575,12.359666666666666,10.568,14.151333333333334,8.8465,14.151333333333334,14.011,na,na,na,M32,cs48,1,3,0,0,2,0
576,25.861900000000002,23.4618,28.262,35.5625,52.41,15.394666666666666,na,na,22.225,M21,cs69,3,1,0,0,2,4
577,15.54442857142857,11.044,17.3446,na,17.6335,11.044,na,na,17.152,M11,CS138,2,2,0,0,0,3
578,4.3462,4.067,4.416,4.067,11.636,na,na,na,2.009333333333333,M42,cs37,0,1,0,0,1,3
579,48.96033333333334,na,48.96033333333334,na,54.7055,na,na,na,37.47,M42,cs78,0,2,0,0,0,1
580,13.255333333333335,18.8405,2.085,26.098,2.085,11.583,na,na,na,M32,cs83,1,1,0,0,1,0
581,12.56942857142857,11.03825,14.611,19.257,14.325,9.207,12.655,7.8445,16.853,L12,CS100,1,1,2,1,1,1
582,8.784,8.784,na,8.784,na,na,na,na,na,L42,stefano1,0,0,0,0,1,0
583,7.015866666666667,5.6814285714285715,8.1835,5.264333333333333,10.29975,5.99425,na,na,6.06725,L42,cs127,4,4,0,0,3,4
584,39.42466666666667,39.42466666666667,na,32.449,na,42.9125,na,na,na,L42,cs124,2,0,0,0,1,0
585,13.982857142857144,na,13.982857142857144,na,17.380333333333333,na,na,na,11.43475,L11,cs132,0,3,0,0,0,4
586,9.468833333333334,7.7665,10.32,na,12.043333333333335,7.7665,na,na,5.15,L42,cs50,2,3,0,0,0,1
587,16.94425,12.2115,18.521833333333333,9.738,18.256,14.685,na,na,18.787666666666667,L12,cs73,1,3,0,0,1,3
588,7.98,3.7277142857142858,12.941,3.5203333333333333,12.24375,3.88325,na,na,14.3355,M42,cs127,4,4,0,0,3,2
589,16.962230769230768,6.857399999999999,23.27775,3.0436666666666663,22.472,12.578,5.4235,na,35.986333333333334,L11,cs44,2,3,0,2,3,3
590,5.26,10.006,0.514,10.006,0.514,na,na,na,na,L21,test6,0,1,0,0,1,0
591,7.3456,4.5025,9.241,6.028,5.488,2.977,na,na,11.1175,L12,CS138,1,1,0,0,1,2
592,17.3066,12.557,36.305,12.291,36.305,13.355,na,na,na,L42,cs71,1,1,0,0,3,0
593,9.04,14.539,3.541,na,3.541,14.539,na,na,na,M12,stefano1,1,1,0,0,0,0
594,21.738400000000002,24.9355,19.607,25.458,26.3385,24.413,na,na,6.144,M21,cs28,1,2,0,0,1,1
595,10.592714285714287,3.7915,13.3132,na,16.924666666666667,3.7915,na,na,7.896,M42,cs50,2,3,0,0,0,2
596,10.596846153846155,2.7435,14.087222222222223,2.791,23.09925,2.696,1.521,na,8.21675,M11,cs12,2,4,0,1,2,4
597,16.902,7.073,23.454666666666668,6.3055,28.67,8.608,5.456666666666667,na,36.23733333333334,M12,cs73,2,3,0,3,4,3
598,5.472,na,5.472,na,5.472,na,na,na,na,M21,cs88,0,1,0,0,0,0
599,23.5135,na,23.5135,na,33.406,na,na,na,13.621,M22,cs88,0,1,0,0,0,1
600,8.570333333333334,5.574,10.0685,8.442,10.260333333333334,na,na,2.706,9.493,M11,cs132,0,3,1,0,1,1
601,15.622739130434782,11.751153846153846,20.6558,4.6875,40.906,19.75633333333333,na,5.159,7.155666666666667,L11,cs13,6,4,3,0,4,6
602,13.99075,7.92625,20.05525,6.238,12.258,8.489,na,na,27.8525,M11,cs44,3,2,0,0,1,2
